<?xml version="1.0" encoding="UTF-8"?>
<metadata xml:lang="en"><Esri><CreaDate>20181030</CreaDate><CreaTime>15475400</CreaTime><SyncOnce>FALSE</SyncOnce><DataProperties><lineage><Process ToolSource="C:\Program Files\ArcGIS\ArcToolbox\Toolboxes\Conversion Tools.tbx\FeatureclassToCoverage" Date="20101123" Time="134745" Name="" export="">FeatureclassToCoverage "'C:\WorkSpace\statewide_zipcodes\Zip Codes Statewide.mdb\state_zipcodes' ARC" C:\WorkSpace\statewide_zipcodes\statezip_2009 "1 Meters" DOUBLE</Process><Process ToolSource="C:\Program Files\ArcGIS\ArcToolbox\Toolboxes\Conversion Tools.tbx\FeatureClassToFeatureClass" Date="20101130" Time="162755" Name="" export="">FeatureClassToFeatureClass "J:\GIS_WORK\PDS_WORK_Area\ZIPCodes\2010 Zip Codes (preliminary)\shapefiles\ZipCodesStatewide_2010.shp" "J:\GIS_WORK\PDS_WORK_Area\ZIPCodes\2010 Zip Codes (preliminary)\Geodatabases\Statewide_zip_codes_2010.mdb" Statewide_zip_codes_2010 # "AREA 'AREA' true true false 19 Double 0 0 ,First,#,J:\GIS_WORK\PDS_WORK_Area\ZIPCodes\2010 Zip Codes (preliminary)\shapefiles\ZipCodesStatewide_2010.shp,AREA,-1,-1;PERIMETER 'PERIMETER' true true false 19 Double 0 0 ,First,#,J:\GIS_WORK\PDS_WORK_Area\ZIPCodes\2010 Zip Codes (preliminary)\shapefiles\ZipCodesStatewide_2010.shp,PERIMETER,-1,-1;STATEZIP_2 'STATEZIP_2' true true false 9 Long 0 9 ,First,#,J:\GIS_WORK\PDS_WORK_Area\ZIPCodes\2010 Zip Codes (preliminary)\shapefiles\ZipCodesStatewide_2010.shp,STATEZIP_2,-1,-1;STATEZIP_3 'STATEZIP_3' true true false 9 Long 0 9 ,First,#,J:\GIS_WORK\PDS_WORK_Area\ZIPCodes\2010 Zip Codes (preliminary)\shapefiles\ZipCodesStatewide_2010.shp,STATEZIP_3,-1,-1;ZIPCODE1 'ZIPCODE1' true true false 5 Text 0 0 ,First,#,J:\GIS_WORK\PDS_WORK_Area\ZIPCodes\2010 Zip Codes (preliminary)\shapefiles\ZipCodesStatewide_2010.shp,ZIPCODE1,-1,-1;ZIPCODE2 'ZIPCODE2' true true false 11 Text 0 0 ,First,#,J:\GIS_WORK\PDS_WORK_Area\ZIPCodes\2010 Zip Codes (preliminary)\shapefiles\ZipCodesStatewide_2010.shp,ZIPCODE2,-1,-1;ZIPNAME 'ZIPNAME' true true false 35 Text 0 0 ,First,#,J:\GIS_WORK\PDS_WORK_Area\ZIPCodes\2010 Zip Codes (preliminary)\shapefiles\ZipCodesStatewide_2010.shp,ZIPNAME,-1,-1" # "J:\GIS_WORK\PDS_WORK_Area\ZIPCodes\2010 Zip Codes (preliminary)\Geodatabases\Statewide_zip_codes_2010.mdb\Statewide_zip_codes_2010"</Process><Process ToolSource="C:\Program Files\ArcGIS\Desktop10.0\ArcToolbox\Toolboxes\Conversion Tools.tbx\FeatureClassToFeatureClass" Date="20110414" Time="151429" Name="" export="">FeatureClassToFeatureClass "J:\GIS_WORK\PDS_WORK_Area\ZIPCodes\2010 Zip Codes (preliminary)\shapefiles\Statewide_zip_codes_2010.shp" "Database Connections\MDP-DBS-3.MdpGisData-Admin.sde\MdpGisData.DBO.Location_ZipCodes" LOCA_ZipCodes_MDP_2010_MD # "OBJECTID "OBJECTID" true true false 9 Long 0 9 ,First,#,J:\GIS_WORK\PDS_WORK_Area\ZIPCodes\2010 Zip Codes (preliminary)\shapefiles\Statewide_zip_codes_2010.shp,OBJECTID,-1,-1;AREA "AREA" true true false 19 Double 0 0 ,First,#,J:\GIS_WORK\PDS_WORK_Area\ZIPCodes\2010 Zip Codes (preliminary)\shapefiles\Statewide_zip_codes_2010.shp,AREA,-1,-1;PERIMETER "PERIMETER" true true false 19 Double 0 0 ,First,#,J:\GIS_WORK\PDS_WORK_Area\ZIPCodes\2010 Zip Codes (preliminary)\shapefiles\Statewide_zip_codes_2010.shp,PERIMETER,-1,-1;STATEZIP_2 "STATEZIP_2" true true false 9 Long 0 9 ,First,#,J:\GIS_WORK\PDS_WORK_Area\ZIPCodes\2010 Zip Codes (preliminary)\shapefiles\Statewide_zip_codes_2010.shp,STATEZIP_2,-1,-1;STATEZIP_3 "STATEZIP_3" true true false 9 Long 0 9 ,First,#,J:\GIS_WORK\PDS_WORK_Area\ZIPCodes\2010 Zip Codes (preliminary)\shapefiles\Statewide_zip_codes_2010.shp,STATEZIP_3,-1,-1;ZIPCODE1 "ZIPCODE1" true true false 5 Text 0 0 ,First,#,J:\GIS_WORK\PDS_WORK_Area\ZIPCodes\2010 Zip Codes (preliminary)\shapefiles\Statewide_zip_codes_2010.shp,ZIPCODE1,-1,-1;ZIPCODE2 "ZIPCODE2" true true false 11 Text 0 0 ,First,#,J:\GIS_WORK\PDS_WORK_Area\ZIPCodes\2010 Zip Codes (preliminary)\shapefiles\Statewide_zip_codes_2010.shp,ZIPCODE2,-1,-1;ZIPNAME "ZIPNAME" true true false 35 Text 0 0 ,First,#,J:\GIS_WORK\PDS_WORK_Area\ZIPCodes\2010 Zip Codes (preliminary)\shapefiles\Statewide_zip_codes_2010.shp,ZIPNAME,-1,-1;Shape_Leng "Shape_Leng" true true false 19 Double 0 0 ,First,#,J:\GIS_WORK\PDS_WORK_Area\ZIPCodes\2010 Zip Codes (preliminary)\shapefiles\Statewide_zip_codes_2010.shp,Shape_Leng,-1,-1;Shape_Area "Shape_Area" true true false 19 Double 0 0 ,First,#,J:\GIS_WORK\PDS_WORK_Area\ZIPCodes\2010 Zip Codes (preliminary)\shapefiles\Statewide_zip_codes_2010.shp,Shape_Area,-1,-1" #</Process><Process ToolSource="c:\program files (x86)\arcgis\desktop10.2\ArcToolbox\Toolboxes\Data Management Tools.tbx\CalculateField" Date="20180214" Time="095418">CalculateField ZIPCODE BadBatch 5 VB #</Process><Process ToolSource="c:\program files (x86)\arcgis\desktop10.2\ArcToolbox\Toolboxes\Data Management Tools.tbx\CalculateField" Date="20180214" Time="095532">CalculateField ZIPCODE BadBatch 2 VB #</Process><Process ToolSource="c:\program files (x86)\arcgis\desktop10.2\ArcToolbox\Toolboxes\Data Management Tools.tbx\CalculateField" Date="20180214" Time="095636">CalculateField ZIPCODE BadBatch 9 VB #</Process><Process ToolSource="c:\program files (x86)\arcgis\desktop10.2\ArcToolbox\Toolboxes\Data Management Tools.tbx\CalculateField" Date="20180214" Time="095729">CalculateField ZIPCODE BadBatch 1 VB #</Process><Process ToolSource="c:\program files (x86)\arcgis\desktop10.2\ArcToolbox\Toolboxes\Data Management Tools.tbx\CalculateField" Date="20180214" Time="100027">CalculateField ZIPCODE BadBatch 6 VB #</Process><Process ToolSource="c:\program files (x86)\arcgis\desktop10.2\ArcToolbox\Toolboxes\Data Management Tools.tbx\CalculateField" Date="20180214" Time="100052">CalculateField ZIPCODE BadBatch 7 VB #</Process><Process ToolSource="c:\program files (x86)\arcgis\desktop10.2\ArcToolbox\Toolboxes\Data Management Tools.tbx\CalculateField" Date="20180214" Time="100105">CalculateField ZIPCODE BadBatch 7 VB #</Process><Process ToolSource="c:\program files (x86)\arcgis\desktop10.2\ArcToolbox\Toolboxes\Data Management Tools.tbx\CalculateField" Date="20180214" Time="100140">CalculateField ZIPCODE BadBatch 7 VB #</Process><Process ToolSource="c:\program files (x86)\arcgis\desktop10.2\ArcToolbox\Toolboxes\Data Management Tools.tbx\CalculateField" Date="20180214" Time="100254">CalculateField ZIPCODE BadBatch 4 VB #</Process><Process ToolSource="c:\program files (x86)\arcgis\desktop10.2\ArcToolbox\Toolboxes\Data Management Tools.tbx\CalculateField" Date="20180214" Time="100337">CalculateField ZIPCODE BadBatch 8 VB #</Process><Process ToolSource="c:\program files (x86)\arcgis\desktop10.2\ArcToolbox\Toolboxes\Data Management Tools.tbx\CalculateField" Date="20180214" Time="100355">CalculateField ZIPCODE BadBatch 4 VB #</Process><Process ToolSource="c:\program files (x86)\arcgis\desktop10.2\ArcToolbox\Toolboxes\Data Management Tools.tbx\CalculateField" Date="20180214" Time="100845">CalculateField ZIPCODE BadBatch 3 VB #</Process><Process ToolSource="c:\program files (x86)\arcgis\desktop10.2\ArcToolbox\Toolboxes\Data Management Tools.tbx\CalculateField" Date="20180214" Time="100902">CalculateField ZIPCODE BadBatch 6 VB #</Process><Process ToolSource="c:\program files (x86)\arcgis\desktop10.2\ArcToolbox\Toolboxes\Data Management Tools.tbx\CalculateField" Date="20180214" Time="100946">CalculateField ZIPCODE BadBatch 7 VB #</Process><Process ToolSource="c:\program files (x86)\arcgis\desktop10.2\ArcToolbox\Toolboxes\Data Management Tools.tbx\CalculateField" Date="20181030" Time="155438">CalculateField ZIPCODEtoBBR_Fall2018 BadBatch 3 VB #</Process><Process ToolSource="c:\program files (x86)\arcgis\desktop10.2\ArcToolbox\Toolboxes\Data Management Tools.tbx\CalculateField" Date="20181030" Time="155455">CalculateField ZIPCODEtoBBR_Fall2018 BadBatch 4 VB #</Process><Process ToolSource="c:\program files (x86)\arcgis\desktop10.2\ArcToolbox\Toolboxes\Data Management Tools.tbx\CalculateField" Date="20181030" Time="155515">CalculateField ZIPCODEtoBBR_Fall2018 BadBatch [BadBatch]+1 VB #</Process></lineage><itemProps><itemLocation><linkage Sync="TRUE">file://\\Bchd-gis-srv\epi-data\OCME\Non-Fatal Overdose Surveillance\Data Requests\To Code in Schools - Bad Batch\Fall 2018\Bad_Batch_Regions_Revised.shp</linkage><protocol Sync="TRUE">Local Area Network</protocol></itemLocation><itemName Sync="TRUE">Bad_Batch_Regions_Revised</itemName><imsContentType Sync="TRUE">002</imsContentType><nativeExtBox><westBL Sync="TRUE">185217.924300</westBL><eastBL Sync="TRUE">570273.979300</eastBL><southBL Sync="TRUE">27831.619100</southBL><northBL Sync="TRUE">230948.003800</northBL><exTypeCode Sync="TRUE">1</exTypeCode></nativeExtBox><itemSize Sync="TRUE">0.000</itemSize></itemProps><copyHistory><copy source="C:\Documents and Settings\dsward\Desktop\MDP - to take home\Statewide_zip_codes_2010" dest="\\mdpdc104\gis_data\GIS_WORK\PDS_WORK_Area\ZIPCodes\2010 Zip Codes (preliminary)\shapefiles\Statewide_zip_codes_2010" date="20110411" time="11312000"/></copyHistory><coordRef><type Sync="TRUE">Projected</type><geogcsn Sync="TRUE">GCS_North_American_1983</geogcsn><projcsn Sync="TRUE">NAD_1983_StatePlane_Maryland_FIPS_1900_Feet</projcsn><peXml Sync="TRUE">&lt;ProjectedCoordinateSystem xsi:type='typens:ProjectedCoordinateSystem' xmlns:xsi='http://www.w3.org/2001/XMLSchema-instance' xmlns:xs='http://www.w3.org/2001/XMLSchema' xmlns:typens='http://www.esri.com/schemas/ArcGIS/10.1'&gt;&lt;WKT&gt;PROJCS[&amp;quot;NAD_1983_StatePlane_Maryland_FIPS_1900_Feet&amp;quot;,GEOGCS[&amp;quot;GCS_North_American_1983&amp;quot;,DATUM[&amp;quot;D_North_American_1983&amp;quot;,SPHEROID[&amp;quot;GRS_1980&amp;quot;,6378137.0,298.257222101]],PRIMEM[&amp;quot;Greenwich&amp;quot;,0.0],UNIT[&amp;quot;Degree&amp;quot;,0.0174532925199433]],PROJECTION[&amp;quot;Lambert_Conformal_Conic&amp;quot;],PARAMETER[&amp;quot;False_Easting&amp;quot;,1312333.333333333],PARAMETER[&amp;quot;False_Northing&amp;quot;,0.0],PARAMETER[&amp;quot;Central_Meridian&amp;quot;,-77.0],PARAMETER[&amp;quot;Standard_Parallel_1&amp;quot;,38.3],PARAMETER[&amp;quot;Standard_Parallel_2&amp;quot;,39.45],PARAMETER[&amp;quot;Latitude_Of_Origin&amp;quot;,37.66666666666666],UNIT[&amp;quot;Foot_US&amp;quot;,0.3048006096012192],AUTHORITY[&amp;quot;EPSG&amp;quot;,2248]]&lt;/WKT&gt;&lt;XOrigin&gt;-120561100&lt;/XOrigin&gt;&lt;YOrigin&gt;-95444400&lt;/YOrigin&gt;&lt;XYScale&gt;36953082.294548117&lt;/XYScale&gt;&lt;ZOrigin&gt;-100000&lt;/ZOrigin&gt;&lt;ZScale&gt;10000&lt;/ZScale&gt;&lt;MOrigin&gt;-100000&lt;/MOrigin&gt;&lt;MScale&gt;10000&lt;/MScale&gt;&lt;XYTolerance&gt;0.0032808333333333331&lt;/XYTolerance&gt;&lt;ZTolerance&gt;0.001&lt;/ZTolerance&gt;&lt;MTolerance&gt;0.001&lt;/MTolerance&gt;&lt;HighPrecision&gt;true&lt;/HighPrecision&gt;&lt;WKID&gt;102685&lt;/WKID&gt;&lt;LatestWKID&gt;2248&lt;/LatestWKID&gt;&lt;/ProjectedCoordinateSystem&gt;</peXml><csUnits Sync="TRUE">Linear Unit: Foot_US (0.304801)</csUnits></coordRef></DataProperties><SyncDate>20181030</SyncDate><SyncTime>16021200</SyncTime><ModDate>20181030</ModDate><ModTime>16021200</ModTime><ArcGISFormat>1.0</ArcGISFormat><ArcGISstyle>FGDC CSDGM Metadata</ArcGISstyle><scaleRange><minScale>150000000</minScale><maxScale>5000</maxScale></scaleRange><ArcGISProfile>ItemDescription</ArcGISProfile></Esri><idinfo><citation><citeinfo><onlink Sync="TRUE"/><origin>REQUIRED: The name of an organization or individual that developed the data set.</origin><pubdate>REQUIRED: The date when the data set is published or otherwise made available for release.</pubdate><title Sync="TRUE">Statewide_zip_codes_2010</title><ftname Sync="TRUE">Statewide_zip_codes_2010</ftname><geoform Sync="TRUE">vector digital data</geoform></citeinfo></citation><native Sync="TRUE">Microsoft Windows XP Version 5.1 (Build 2600) Service Pack 3; ESRI ArcCatalog 9.3.1.3000</native><descript><langdata Sync="TRUE">en</langdata><abstract>REQUIRED: A brief narrative summary of the data set.</abstract><purpose>REQUIRED: A summary of the intentions with which the data set was developed.</purpose></descript><timeperd><current>REQUIRED: The basis on which the time period of content information is determined.</current><timeinfo><sngdate><caldate>REQUIRED: The year (and optionally month, or month and day) for which the data set corresponds to the ground.</caldate></sngdate></timeinfo></timeperd><status><progress>REQUIRED: The state of the data set.</progress><update>REQUIRED: The frequency with which changes and additions are made to the data set after the initial data set is completed.</update></status><spdom><bounding><westbc Sync="TRUE">REQUIRED: Western-most coordinate of the limit of coverage expressed in longitude.</westbc><eastbc Sync="TRUE">REQUIRED: Eastern-most coordinate of the limit of coverage expressed in longitude.</eastbc><northbc Sync="TRUE">REQUIRED: Northern-most coordinate of the limit of coverage expressed in latitude.</northbc><southbc Sync="TRUE">REQUIRED: Southern-most coordinate of the limit of coverage expressed in latitude.</southbc></bounding></spdom><keywords><theme><themekt>REQUIRED: Reference to a formally registered thesaurus or a similar authoritative source of theme keywords.</themekt><themekey>REQUIRED: Common-use word or phrase used to describe the subject of the data set.</themekey></theme></keywords><accconst>REQUIRED: Restrictions and legal prerequisites for accessing the data set.</accconst><useconst>REQUIRED: Restrictions and legal prerequisites for using the data set after access is granted.</useconst><natvform Sync="TRUE">Personal GeoDatabase Feature Class</natvform></idinfo><distInfo><distributor><distorTran><onLineSrc><linkage Sync="TRUE">file://</linkage><protocol Sync="TRUE">Local Area Network</protocol><orDesc Sync="TRUE">002</orDesc></onLineSrc></distorTran><distorFormat><formatName Sync="TRUE">Personal GeoDatabase Feature Class</formatName></distorFormat></distributor><distFormat><formatName Sync="TRUE">Shapefile</formatName></distFormat><distTranOps><transSize Sync="TRUE">0.000</transSize></distTranOps></distInfo><dataqual><lineage><procstep><procdesc Sync="TRUE">Dataset copied.</procdesc><srcused Sync="TRUE"/><procdate Sync="TRUE">20101129</procdate><proctime Sync="TRUE">10185200</proctime></procstep><procstep><procdesc Sync="TRUE">Dataset copied.</procdesc><srcused Sync="TRUE"/><procdate Sync="TRUE">20101129</procdate><proctime Sync="TRUE">11563500</proctime></procstep><procstep><procdesc Sync="TRUE">Dataset copied.</procdesc><srcused Sync="TRUE">\\mdpdc104\gis_data\GIS_WORK\PDS_WORK_Area\ZIPCodes\2010 Zip Codes (preliminary)\Geodatabases\Statewide_zip_codes_2010.mdb</srcused><procdate Sync="TRUE">20101206</procdate><proctime Sync="TRUE">12545200</proctime></procstep></lineage></dataqual><dataIdInfo><envirDesc Sync="TRUE">Microsoft Windows 7 Version 6.1 (Build 7601) Service Pack 1; Esri ArcGIS 10.2.2.3552</envirDesc><dataLang><languageCode Sync="TRUE" value="eng" country="US"/><countryCode value="USA" Sync="TRUE"/></dataLang><idCitation><resTitle Sync="TRUE">Bad_Batch_Regions_Revised</resTitle><presForm><PresFormCd Sync="TRUE" value="005"/></presForm></idCitation><spatRpType><SpatRepTypCd Sync="TRUE" value="001"/></spatRpType><descKeys><thesaName uuidref="723f6998-058e-11dc-8314-0800200c9a66"/><keyword Sync="TRUE">002</keyword></descKeys><dataExt><geoEle xmlns=""><GeoBndBox esriExtentType="search"><exTypeCode Sync="TRUE">1</exTypeCode><westBL Sync="TRUE">-79.505179</westBL><eastBL Sync="TRUE">-75.013770</eastBL><northBL Sync="TRUE">39.747075</northBL><southBL Sync="TRUE">37.891508</southBL></GeoBndBox></geoEle></dataExt><idPurp>This dataset represents the statewide zip codes.</idPurp><idAbs>&lt;DIV STYLE="text-align:Left;"&gt;&lt;DIV&gt;&lt;DIV&gt;&lt;P&gt;&lt;SPAN&gt;This dataset is the 2011 Maryland zip codes based on 2011 Md PropertyView data.&lt;/SPAN&gt;&lt;/P&gt;&lt;/DIV&gt;&lt;/DIV&gt;&lt;/DIV&gt;</idAbs><searchKeys><keyword>Zip Codes</keyword></searchKeys></dataIdInfo><metainfo><langmeta Sync="TRUE">en</langmeta><metstdn Sync="TRUE">FGDC Content Standards for Digital Geospatial Metadata</metstdn><metstdv Sync="TRUE">FGDC-STD-001-1998</metstdv><mettc Sync="TRUE">local time</mettc><metc><cntinfo><cntorgp><cntper>REQUIRED: The person responsible for the metadata information.</cntper><cntorg>REQUIRED: The organization responsible for the metadata information.</cntorg></cntorgp><cntaddr><addrtype>REQUIRED: The mailing and/or physical address for the organization or individual.</addrtype><city>REQUIRED: The city of the address.</city><state>REQUIRED: The state or province of the address.</state><postal>REQUIRED: The ZIP or other postal code of the address.</postal></cntaddr><cntvoice>REQUIRED: The telephone number by which individuals can speak to the organization or individual.</cntvoice></cntinfo></metc><metd Sync="TRUE">20101130</metd></metainfo><mdLang><languageCode Sync="TRUE" value="eng"/><countryCode value="USA" Sync="TRUE"/></mdLang><mdStanName Sync="TRUE">ISO 19115 Geographic Information - Metadata</mdStanName><mdStanVer Sync="TRUE">DIS_ESRI1.0</mdStanVer><mdChar><CharSetCd Sync="TRUE" value="004"/></mdChar><mdHrLv><ScopeCd Sync="TRUE" value="005"/></mdHrLv><mdHrLvName Sync="TRUE">dataset</mdHrLvName><distinfo><resdesc Sync="TRUE">Downloadable Data</resdesc></distinfo><spdoinfo><direct Sync="TRUE">Vector</direct><ptvctinf><esriterm Name="Bad_Batch_Regions_Revised"><efeatyp Sync="TRUE">Simple</efeatyp><efeageom code="4" Sync="TRUE"></efeageom><esritopo Sync="TRUE">FALSE</esritopo><efeacnt Sync="TRUE">0</efeacnt><spindex Sync="TRUE">FALSE</spindex><linrefer Sync="TRUE">FALSE</linrefer></esriterm></ptvctinf></spdoinfo><spref><horizsys><cordsysn><geogcsn Sync="TRUE">GCS_North_American_1983</geogcsn><projcsn Sync="TRUE">NAD_1983_StatePlane_Maryland_FIPS_1900</projcsn></cordsysn><planar><planci><plance Sync="TRUE">coordinate pair</plance><plandu Sync="TRUE">meters</plandu><coordrep><absres Sync="TRUE">0.000100</absres><ordres Sync="TRUE">0.000100</ordres></coordrep></planci></planar><geodetic><horizdn Sync="TRUE">North American Datum of 1983</horizdn><ellips Sync="TRUE">Geodetic Reference System 80</ellips><semiaxis Sync="TRUE">6378137.000000</semiaxis><denflat Sync="TRUE">298.257222</denflat></geodetic></horizsys></spref><refSysInfo><RefSystem><refSysID><identCode Sync="TRUE" code="2248">NAD_1983_StatePlane_Maryland_FIPS_1900</identCode><idCodeSpace Sync="TRUE">EPSG</idCodeSpace><idVersion Sync="TRUE">8.2.6</idVersion></refSysID></RefSystem></refSysInfo><spatRepInfo><VectSpatRep><geometObjs Name="Bad_Batch_Regions_Revised"><geoObjTyp><GeoObjTypCd value="002" Sync="TRUE"></GeoObjTypCd></geoObjTyp><geoObjCnt Sync="TRUE">0</geoObjCnt></geometObjs><topLvl><TopoLevCd value="001" Sync="TRUE"></TopoLevCd></topLvl></VectSpatRep></spatRepInfo><eainfo><detailed Name="Bad_Batch_Regions_Revised"><enttyp><enttypl Sync="TRUE">Bad_Batch_Regions_Revised</enttypl><enttypt Sync="TRUE">Feature Class</enttypt><enttypc Sync="TRUE">0</enttypc></enttyp><attr><attrlabl Sync="TRUE">FID</attrlabl><attalias Sync="TRUE">FID</attalias><attrtype Sync="TRUE">OID</attrtype><attwidth Sync="TRUE">4</attwidth><atprecis Sync="TRUE">0</atprecis><attscale Sync="TRUE">0</attscale><attrdef Sync="TRUE">Internal feature number.</attrdef><attrdefs Sync="TRUE">Esri</attrdefs><attrdomv><udom Sync="TRUE">Sequential unique whole numbers that are automatically generated.</udom></attrdomv></attr><attr><attrlabl Sync="TRUE">Shape</attrlabl><attalias Sync="TRUE">Shape</attalias><attrtype Sync="TRUE">Geometry</attrtype><attwidth Sync="TRUE">0</attwidth><atprecis Sync="TRUE">0</atprecis><attscale Sync="TRUE">0</attscale><attrdef Sync="TRUE">Feature geometry.</attrdef><attrdefs Sync="TRUE">ESRI</attrdefs><attrdomv><udom Sync="TRUE">Coordinates defining the features.</udom></attrdomv></attr><attr><attrlabl Sync="TRUE">BadBatch</attrlabl><attalias Sync="TRUE">BadBatch</attalias><attrtype Sync="TRUE">SmallInteger</attrtype><attwidth Sync="TRUE">4</attwidth><atprecis Sync="TRUE">4</atprecis><attscale Sync="TRUE">0</attscale></attr></detailed></eainfo><mdDateSt Sync="TRUE">20181030</mdDateSt></metadata>
