<?xml version="1.0" encoding="UTF-8"?><MD_Metadata xmlns:xlink="http://www.w3.org/1999/xlink" xmlns:srv="http://www.isotc211.org/2005/srv" xmlns:gts="http://www.isotc211.org/2005/gts" xmlns:xalan="http://xml.apache.org/xalan" xmlns:gco="http://www.isotc211.org/2005/gco" xmlns:gml="http://www.opengis.net/gml" xmlns:xsi="http://www.w3.org/2001/XMLSchema-instance" xmlns="http://www.isotc211.org/2005/gmd">
<fileIdentifier>
<gco:CharacterString>941feded12d94eec96e7bbe756e28b39</gco:CharacterString>
</fileIdentifier>
<characterSet>
<MD_CharacterSetCode codeList="http://www.isotc211.org/2005/resources/Codelist/gmxCodelists.xml#MD_CharacterSetCode" codeListValue="utf8" codeSpace="ISOTC211/19115">utf8</MD_CharacterSetCode>
</characterSet>
<hierarchyLevel>
<MD_ScopeCode codeList="http://www.isotc211.org/2005/resources/Codelist/gmxCodelists.xml#MD_ScopeCode" codeListValue="dataset" codeSpace="ISOTC211/19115">dataset</MD_ScopeCode>
</hierarchyLevel>
<hierarchyLevelName>
<gco:CharacterString>dataset</gco:CharacterString>
</hierarchyLevelName>
<contact>
<CI_ResponsibleParty>
<individualName>
<gco:CharacterString>Cheryl Knott</gco:CharacterString>
</individualName>
<organisationName>
<gco:CharacterString>Baltimore Neighborhood Indicators Alliance</gco:CharacterString>
</organisationName>
<positionName>
<gco:CharacterString>GIS Project Manager</gco:CharacterString>
</positionName>
<contactInfo>
<CI_Contact>
<phone>
<CI_Telephone>
<voice>
<gco:CharacterString>(410) 83704377</gco:CharacterString>
</voice>
</CI_Telephone>
</phone>
<address>
<CI_Address>
<electronicMailAddress>
<gco:CharacterString>cknott@ubalt.edu</gco:CharacterString>
</electronicMailAddress>
</CI_Address>
</address>
<onlineResource>
<CI_OnlineResource>
<linkage>
<URL>https://www.bniajfi.org/vital_signs</URL>
</linkage>
</CI_OnlineResource>
</onlineResource>
</CI_Contact>
</contactInfo>
<role>
<CI_RoleCode codeList="http://www.isotc211.org/2005/resources/Codelist/gmxCodelists.xml#CI_RoleCode" codeListValue="pointOfContact" codeSpace="ISOTC211/19115">pointOfContact</CI_RoleCode>
</role>
</CI_ResponsibleParty>
</contact>
<dateStamp>
<gco:Date>2018-04-10</gco:Date>
</dateStamp>
<metadataStandardName>
<gco:CharacterString>ISO 19139 Geographic Information - Metadata - Implementation Specification</gco:CharacterString>
</metadataStandardName>
<metadataStandardVersion>
<gco:CharacterString>2007</gco:CharacterString>
</metadataStandardVersion>
<identificationInfo>
<MD_DataIdentification>
<citation>
<CI_Citation>
<title>
<gco:CharacterString>Vital Signs 16: Census Demographics</gco:CharacterString>
</title>
<date>
<CI_Date>
<date>
<gco:Date>2018-04-10</gco:Date>
</date>
<dateType>
<CI_DateTypeCode codeList="http://www.isotc211.org/2005/resources/Codelist/gmxCodelists.xml#CI_DateTypeCode" codeListValue="creation" codeSpace="ISOTC211/19115">creation</CI_DateTypeCode>
</dateType>
</CI_Date>
</date>
<date>
<CI_Date>
<date>
<gco:Date>2018-04-10</gco:Date>
</date>
<dateType>
<CI_DateTypeCode codeList="http://www.isotc211.org/2005/resources/Codelist/gmxCodelists.xml#CI_DateTypeCode" codeListValue="publication" codeSpace="ISOTC211/19115">publication</CI_DateTypeCode>
</dateType>
</CI_Date>
</date>
</CI_Citation>
</citation>
<abstract>
<gco:CharacterString>Indicators presented here represent 
the year 2016 values for Census Demographics from Vital Signs published by 
the Baltimore Neighborhood Indicators Alliance. For more information, 
please visit http://www.bniajfi.org/vital_signs.



Please Note: When downloading the data in any
format, abbreviated field names will be shown instead of the full descriptive
indicator name. A separate crosswalk file is available to download that lists
the short name and its corresponding full field alias. It can be accessed by
clicking on “Download Data” then selecting “Field Name Aliases”.  </gco:CharacterString>
</abstract>
<purpose>
<gco:CharacterString>Indicators presented here represent the year 2016 values for Census Demographics from Vital Signs published by the Baltimore Neighborhood Indicators Alliance. For more information, please visit http://www.bniajfi.org/vital_signs.</gco:CharacterString>
</purpose>
<pointOfContact>
<CI_ResponsibleParty>
<individualName>
<gco:CharacterString>Cheryl Knott</gco:CharacterString>
</individualName>
<organisationName>
<gco:CharacterString>Baltimore Neighborhood Indicators Alliance</gco:CharacterString>
</organisationName>
<positionName>
<gco:CharacterString>GIS Project Manager</gco:CharacterString>
</positionName>
<contactInfo>
<CI_Contact>
<phone>
<CI_Telephone>
<voice>
<gco:CharacterString>(410) 83704377</gco:CharacterString>
</voice>
</CI_Telephone>
</phone>
<address>
<CI_Address>
<electronicMailAddress>
<gco:CharacterString>cknott@ubalt.edu</gco:CharacterString>
</electronicMailAddress>
</CI_Address>
</address>
<onlineResource>
<CI_OnlineResource>
<linkage>
<URL>https://www.bniajfi.org/vital_signs</URL>
</linkage>
</CI_OnlineResource>
</onlineResource>
</CI_Contact>
</contactInfo>
<role>
<CI_RoleCode codeList="http://www.isotc211.org/2005/resources/Codelist/gmxCodelists.xml#CI_RoleCode" codeListValue="pointOfContact" codeSpace="ISOTC211/19115">pointOfContact</CI_RoleCode>
</role>
</CI_ResponsibleParty>
</pointOfContact>
<resourceMaintenance>
<MD_MaintenanceInformation>
<maintenanceAndUpdateFrequency>
<MD_MaintenanceFrequencyCode codeList="http://www.isotc211.org/2005/resources/Codelist/gmxCodelists.xml#MD_MaintenanceFrequencyCode" codeListValue="asNeeded" codeSpace="ISOTC211/19115">asNeeded</MD_MaintenanceFrequencyCode>
</maintenanceAndUpdateFrequency>
</MD_MaintenanceInformation>
</resourceMaintenance>
<descriptiveKeywords>
<MD_Keywords>
<keyword>
<gco:CharacterString>age</gco:CharacterString>
</keyword>
<keyword>
<gco:CharacterString>baltimore</gco:CharacterString>
</keyword>
<keyword>
<gco:CharacterString>census</gco:CharacterString>
</keyword>
<keyword>
<gco:CharacterString>demographics</gco:CharacterString>
</keyword>
<keyword>
<gco:CharacterString>race</gco:CharacterString>
</keyword>
<keyword>
<gco:CharacterString>ethnicity</gco:CharacterString>
</keyword>
<keyword>
<gco:CharacterString>sex</gco:CharacterString>
</keyword>
<keyword>
<gco:CharacterString>families</gco:CharacterString>
</keyword>
<keyword>
<gco:CharacterString>poverty</gco:CharacterString>
</keyword>
<keyword>
<gco:CharacterString>community indicators</gco:CharacterString>
</keyword>
<keyword>
<gco:CharacterString>bnia</gco:CharacterString>
</keyword>
<keyword>
<gco:CharacterString>vital signs</gco:CharacterString>
</keyword>
</MD_Keywords>
</descriptiveKeywords>
<descriptiveKeywords>
<MD_Keywords>
<keyword>
<gco:CharacterString>age</gco:CharacterString>
</keyword>
<keyword>
<gco:CharacterString>baltimore</gco:CharacterString>
</keyword>
<keyword>
<gco:CharacterString>census</gco:CharacterString>
</keyword>
<keyword>
<gco:CharacterString>demographics</gco:CharacterString>
</keyword>
<keyword>
<gco:CharacterString>race</gco:CharacterString>
</keyword>
<keyword>
<gco:CharacterString>ethnicity</gco:CharacterString>
</keyword>
<keyword>
<gco:CharacterString>sex</gco:CharacterString>
</keyword>
<keyword>
<gco:CharacterString>families</gco:CharacterString>
</keyword>
<keyword>
<gco:CharacterString>poverty</gco:CharacterString>
</keyword>
<keyword>
<gco:CharacterString>community indicators</gco:CharacterString>
</keyword>
<keyword>
<gco:CharacterString>bnia</gco:CharacterString>
</keyword>
<keyword>
<gco:CharacterString>vital signs</gco:CharacterString>
</keyword>
</MD_Keywords>
</descriptiveKeywords>
<descriptiveKeywords>
<MD_Keywords>
<keyword>
<gco:CharacterString>age</gco:CharacterString>
</keyword>
<keyword>
<gco:CharacterString>baltimore</gco:CharacterString>
</keyword>
<keyword>
<gco:CharacterString>census</gco:CharacterString>
</keyword>
<keyword>
<gco:CharacterString>demographics</gco:CharacterString>
</keyword>
<keyword>
<gco:CharacterString>race</gco:CharacterString>
</keyword>
<keyword>
<gco:CharacterString>ethnicity</gco:CharacterString>
</keyword>
<keyword>
<gco:CharacterString>sex</gco:CharacterString>
</keyword>
<keyword>
<gco:CharacterString>families</gco:CharacterString>
</keyword>
<keyword>
<gco:CharacterString>poverty</gco:CharacterString>
</keyword>
<keyword>
<gco:CharacterString>community indicators</gco:CharacterString>
</keyword>
<keyword>
<gco:CharacterString>bnia</gco:CharacterString>
</keyword>
<keyword>
<gco:CharacterString>vital signs</gco:CharacterString>
</keyword>
</MD_Keywords>
</descriptiveKeywords>
<descriptiveKeywords>
<MD_Keywords>
<keyword>
<gco:CharacterString>age</gco:CharacterString>
</keyword>
<keyword>
<gco:CharacterString>baltimore</gco:CharacterString>
</keyword>
<keyword>
<gco:CharacterString>census</gco:CharacterString>
</keyword>
<keyword>
<gco:CharacterString>demographics</gco:CharacterString>
</keyword>
<keyword>
<gco:CharacterString>race</gco:CharacterString>
</keyword>
<keyword>
<gco:CharacterString>ethnicity</gco:CharacterString>
</keyword>
<keyword>
<gco:CharacterString>sex</gco:CharacterString>
</keyword>
<keyword>
<gco:CharacterString>families</gco:CharacterString>
</keyword>
<keyword>
<gco:CharacterString>poverty</gco:CharacterString>
</keyword>
<keyword>
<gco:CharacterString>community indicators</gco:CharacterString>
</keyword>
<keyword>
<gco:CharacterString>bnia</gco:CharacterString>
</keyword>
<keyword>
<gco:CharacterString>vital signs</gco:CharacterString>
</keyword>
</MD_Keywords>
</descriptiveKeywords>
<descriptiveKeywords>
<MD_Keywords>
<keyword>
<gco:CharacterString>age</gco:CharacterString>
</keyword>
<keyword>
<gco:CharacterString>baltimore</gco:CharacterString>
</keyword>
<keyword>
<gco:CharacterString>census</gco:CharacterString>
</keyword>
<keyword>
<gco:CharacterString>demographics</gco:CharacterString>
</keyword>
<keyword>
<gco:CharacterString>race</gco:CharacterString>
</keyword>
<keyword>
<gco:CharacterString>ethnicity</gco:CharacterString>
</keyword>
<keyword>
<gco:CharacterString>sex</gco:CharacterString>
</keyword>
<keyword>
<gco:CharacterString>families</gco:CharacterString>
</keyword>
<keyword>
<gco:CharacterString>poverty</gco:CharacterString>
</keyword>
<keyword>
<gco:CharacterString>community indicators</gco:CharacterString>
</keyword>
<keyword>
<gco:CharacterString>bnia</gco:CharacterString>
</keyword>
<keyword>
<gco:CharacterString>vital signs</gco:CharacterString>
</keyword>
</MD_Keywords>
</descriptiveKeywords>
<descriptiveKeywords>
<MD_Keywords>
<keyword>
<gco:CharacterString>age</gco:CharacterString>
</keyword>
<keyword>
<gco:CharacterString>baltimore</gco:CharacterString>
</keyword>
<keyword>
<gco:CharacterString>census</gco:CharacterString>
</keyword>
<keyword>
<gco:CharacterString>demographics</gco:CharacterString>
</keyword>
<keyword>
<gco:CharacterString>race</gco:CharacterString>
</keyword>
<keyword>
<gco:CharacterString>ethnicity</gco:CharacterString>
</keyword>
<keyword>
<gco:CharacterString>sex</gco:CharacterString>
</keyword>
<keyword>
<gco:CharacterString>families</gco:CharacterString>
</keyword>
<keyword>
<gco:CharacterString>poverty</gco:CharacterString>
</keyword>
<keyword>
<gco:CharacterString>community indicators</gco:CharacterString>
</keyword>
<keyword>
<gco:CharacterString>bnia</gco:CharacterString>
</keyword>
<keyword>
<gco:CharacterString>vital signs</gco:CharacterString>
</keyword>
</MD_Keywords>
</descriptiveKeywords>
<descriptiveKeywords>
<MD_Keywords>
<keyword>
<gco:CharacterString>age</gco:CharacterString>
</keyword>
<keyword>
<gco:CharacterString>baltimore</gco:CharacterString>
</keyword>
<keyword>
<gco:CharacterString>census</gco:CharacterString>
</keyword>
<keyword>
<gco:CharacterString>demographics</gco:CharacterString>
</keyword>
<keyword>
<gco:CharacterString>race</gco:CharacterString>
</keyword>
<keyword>
<gco:CharacterString>ethnicity</gco:CharacterString>
</keyword>
<keyword>
<gco:CharacterString>sex</gco:CharacterString>
</keyword>
<keyword>
<gco:CharacterString>families</gco:CharacterString>
</keyword>
<keyword>
<gco:CharacterString>poverty</gco:CharacterString>
</keyword>
<keyword>
<gco:CharacterString>community indicators</gco:CharacterString>
</keyword>
<keyword>
<gco:CharacterString>bnia</gco:CharacterString>
</keyword>
<keyword>
<gco:CharacterString>vital signs</gco:CharacterString>
</keyword>
</MD_Keywords>
</descriptiveKeywords>
<descriptiveKeywords>
<MD_Keywords>
<keyword>
<gco:CharacterString>age</gco:CharacterString>
</keyword>
<keyword>
<gco:CharacterString>baltimore</gco:CharacterString>
</keyword>
<keyword>
<gco:CharacterString>census</gco:CharacterString>
</keyword>
<keyword>
<gco:CharacterString>demographics</gco:CharacterString>
</keyword>
<keyword>
<gco:CharacterString>race</gco:CharacterString>
</keyword>
<keyword>
<gco:CharacterString>ethnicity</gco:CharacterString>
</keyword>
<keyword>
<gco:CharacterString>sex</gco:CharacterString>
</keyword>
<keyword>
<gco:CharacterString>families</gco:CharacterString>
</keyword>
<keyword>
<gco:CharacterString>poverty</gco:CharacterString>
</keyword>
<keyword>
<gco:CharacterString>community indicators</gco:CharacterString>
</keyword>
<keyword>
<gco:CharacterString>bnia</gco:CharacterString>
</keyword>
<keyword>
<gco:CharacterString>vital signs</gco:CharacterString>
</keyword>
</MD_Keywords>
</descriptiveKeywords>
<descriptiveKeywords>
<MD_Keywords>
<keyword>
<gco:CharacterString>age</gco:CharacterString>
</keyword>
<keyword>
<gco:CharacterString>baltimore</gco:CharacterString>
</keyword>
<keyword>
<gco:CharacterString>census</gco:CharacterString>
</keyword>
<keyword>
<gco:CharacterString>demographics</gco:CharacterString>
</keyword>
<keyword>
<gco:CharacterString>race</gco:CharacterString>
</keyword>
<keyword>
<gco:CharacterString>ethnicity</gco:CharacterString>
</keyword>
<keyword>
<gco:CharacterString>sex</gco:CharacterString>
</keyword>
<keyword>
<gco:CharacterString>families</gco:CharacterString>
</keyword>
<keyword>
<gco:CharacterString>poverty</gco:CharacterString>
</keyword>
<keyword>
<gco:CharacterString>community indicators</gco:CharacterString>
</keyword>
<keyword>
<gco:CharacterString>bnia</gco:CharacterString>
</keyword>
<keyword>
<gco:CharacterString>vital signs</gco:CharacterString>
</keyword>
</MD_Keywords>
</descriptiveKeywords>
<descriptiveKeywords>
<MD_Keywords>
<keyword>
<gco:CharacterString>age</gco:CharacterString>
</keyword>
<keyword>
<gco:CharacterString>baltimore</gco:CharacterString>
</keyword>
<keyword>
<gco:CharacterString>census</gco:CharacterString>
</keyword>
<keyword>
<gco:CharacterString>demographics</gco:CharacterString>
</keyword>
<keyword>
<gco:CharacterString>race</gco:CharacterString>
</keyword>
<keyword>
<gco:CharacterString>ethnicity</gco:CharacterString>
</keyword>
<keyword>
<gco:CharacterString>sex</gco:CharacterString>
</keyword>
<keyword>
<gco:CharacterString>families</gco:CharacterString>
</keyword>
<keyword>
<gco:CharacterString>poverty</gco:CharacterString>
</keyword>
<keyword>
<gco:CharacterString>community indicators</gco:CharacterString>
</keyword>
<keyword>
<gco:CharacterString>bnia</gco:CharacterString>
</keyword>
<keyword>
<gco:CharacterString>vital signs</gco:CharacterString>
</keyword>
</MD_Keywords>
</descriptiveKeywords>
<descriptiveKeywords>
<MD_Keywords>
<keyword>
<gco:CharacterString>age</gco:CharacterString>
</keyword>
<keyword>
<gco:CharacterString>baltimore</gco:CharacterString>
</keyword>
<keyword>
<gco:CharacterString>census</gco:CharacterString>
</keyword>
<keyword>
<gco:CharacterString>demographics</gco:CharacterString>
</keyword>
<keyword>
<gco:CharacterString>race</gco:CharacterString>
</keyword>
<keyword>
<gco:CharacterString>ethnicity</gco:CharacterString>
</keyword>
<keyword>
<gco:CharacterString>sex</gco:CharacterString>
</keyword>
<keyword>
<gco:CharacterString>families</gco:CharacterString>
</keyword>
<keyword>
<gco:CharacterString>poverty</gco:CharacterString>
</keyword>
<keyword>
<gco:CharacterString>community indicators</gco:CharacterString>
</keyword>
<keyword>
<gco:CharacterString>bnia</gco:CharacterString>
</keyword>
<keyword>
<gco:CharacterString>vital signs</gco:CharacterString>
</keyword>
</MD_Keywords>
</descriptiveKeywords>
<descriptiveKeywords>
<MD_Keywords>
<keyword>
<gco:CharacterString>age</gco:CharacterString>
</keyword>
<keyword>
<gco:CharacterString>baltimore</gco:CharacterString>
</keyword>
<keyword>
<gco:CharacterString>census</gco:CharacterString>
</keyword>
<keyword>
<gco:CharacterString>demographics</gco:CharacterString>
</keyword>
<keyword>
<gco:CharacterString>race</gco:CharacterString>
</keyword>
<keyword>
<gco:CharacterString>ethnicity</gco:CharacterString>
</keyword>
<keyword>
<gco:CharacterString>sex</gco:CharacterString>
</keyword>
<keyword>
<gco:CharacterString>families</gco:CharacterString>
</keyword>
<keyword>
<gco:CharacterString>poverty</gco:CharacterString>
</keyword>
<keyword>
<gco:CharacterString>community indicators</gco:CharacterString>
</keyword>
<keyword>
<gco:CharacterString>bnia</gco:CharacterString>
</keyword>
<keyword>
<gco:CharacterString>vital signs</gco:CharacterString>
</keyword>
</MD_Keywords>
</descriptiveKeywords>
<resourceConstraints>
<MD_Constraints>
<useLimitation>
<gco:CharacterString>In using our data, we recommend that data users cite the original source 
(Baltimore City Police Department, American Community Survey, Baltimore 
City Public School System, etc.) and credit BNIA-JFI with analysis. 
Below is an example: Source: Baltimore City Public School 
System, Analysis: Baltimore Neighborhood Indicators Alliance – Jacob 
France Institute (2017).</gco:CharacterString>
</useLimitation>
</MD_Constraints>
</resourceConstraints>
<language>
<LanguageCode codeList="http://www.loc.gov/standards/iso639-2/php/code_list.php" codeListValue="eng" codeSpace="ISO639-2">eng</LanguageCode>
</language>
<characterSet>
<MD_CharacterSetCode codeList="http://www.isotc211.org/2005/resources/Codelist/gmxCodelists.xml#MD_CharacterSetCode" codeListValue="utf8" codeSpace="ISOTC211/19115">utf8</MD_CharacterSetCode>
</characterSet>
<topicCategory>
<MD_TopicCategoryCode>society</MD_TopicCategoryCode>
</topicCategory>
</MD_DataIdentification>
</identificationInfo>
<distributionInfo>
<MD_Distribution>
<transferOptions>
<MD_DigitalTransferOptions/>
</transferOptions>
</MD_Distribution>
</distributionInfo>
</MD_Metadata>
